example_id,test_domain,label,likelihood_prediction,spam_probability,source,generated_text,generated_label,generated_label_id,valid_generation,generation_correct,likelihood_generation_agreement,model,model_name,model_revision,prompt_id,source_notebook
d92b76c11e2e2af4fa40a15d7efe3de019b8c60ae2de1807a210a999fcf15d5a,sms,1,0,0.09060667527046755,sms,ham,ham,0,True,False,True,FLAN-T5 Base (zero-shot),google/flan-t5-base,7bcac572ce56db69c1ea7c8af255c5d7c9672fc2,spam_definition_v1,notebooks/05_zero_shot_generative.ipynb
d32037b59641080930729f1a595ca3a1f86819dca03ad404f155fe0b2e7fcf51,sms,0,0,0.010735322600133584,sms,ham,ham,0,True,True,True,FLAN-T5 Base (zero-shot),google/flan-t5-base,7bcac572ce56db69c1ea7c8af255c5d7c9672fc2,spam_definition_v1,notebooks/05_zero_shot_generative.ipynb
7489754cb8f7b0fe798f06f289c9f7e475f2d1e149c2c83422d5b186b3a66ae9,sms,1,0,0.24809304832357318,sms,ham,ham,0,True,False,True,FLAN-T5 Base (zero-shot),google/flan-t5-base,7bcac572ce56db69c1ea7c8af255c5d7c9672fc2,spam_definition_v1,notebooks/05_zero_shot_generative.ipynb
f4ed3c5f4a215993590a621458a43a74ed7f4573cd6cfb4ecacf06bc8ba6ec2f,sms,1,0,0.3939653372241519,sms,ham,ham,0,True,False,True,FLAN-T5 Base (zero-shot),google/flan-t5-base,7bcac572ce56db69c1ea7c8af255c5d7c9672fc2,spam_definition_v1,notebooks/05_zero_shot_generative.ipynb
bbb3307ebb0dbc17e51846cf0b1a866bdb29f4c2def0c9eff91a9ee5bce6cdb7,sms,1,0,0.27071815868248844,sms,ham,ham,0,True,False,True,FLAN-T5 Base (zero-shot),google/flan-t5-base,7bcac572ce56db69c1ea7c8af255c5d7c9672fc2,spam_definition_v1,notebooks/05_zero_shot_generative.ipynb
cf8e39aa55feae7c35f8b92db3e2b3748d7ccc588783eb44ad4a2f9085b434f4,sms,1,0,0.1872535554887658,sms,ham,ham,0,True,False,True,FLAN-T5 Base (zero-shot),google/flan-t5-base,7bcac572ce56db69c1ea7c8af255c5d7c9672fc2,spam_definition_v1,notebooks/05_zero_shot_generative.ipynb
766f426c637d1512c0fc120c92c6b0c5216792d90a740364e092771a07afd04f,sms,1,0,0.13399643689059848,sms,ham,ham,0,True,False,True,FLAN-T5 Base (zero-shot),google/flan-t5-base,7bcac572ce56db69c1ea7c8af255c5d7c9672fc2,spam_definition_v1,notebooks/05_zero_shot_generative.ipynb
fa6f2ac642e3ba2b03f9e7bc9ee9c0a15cff43fb9c40ae82b715d4744927570a,sms,0,0,0.11374874972452376,sms,ham,ham,0,True,True,True,FLAN-T5 Base (zero-shot),google/flan-t5-base,7bcac572ce56db69c1ea7c8af255c5d7c9672fc2,spam_definition_v1,notebooks/05_zero_shot_generative.ipynb
708e583e221f84620b9eb99e5be4d25a793c9eb614e78b5148e4a72c50900a85,sms,1,0,0.07488832660890793,sms,ham,ham,0,True,False,True,FLAN-T5 Base (zero-shot),google/flan-t5-base,7bcac572ce56db69c1ea7c8af255c5d7c9672fc2,spam_definition_v1,notebooks/05_zero_shot_generative.ipynb
3381b4108362a42e5770e766d3c416d14d266b7511a8c3ea3019242590017e0f,sms,0,0,0.2588820532443344,sms,ham,ham,0,True,True,True,FLAN-T5 Base (zero-shot),google/flan-t5-base,7bcac572ce56db69c1ea7c8af255c5d7c9672fc2,spam_definition_v1,notebooks/05_zero_shot_generative.ipynb
4f708807818930a9e575382ba6fad7f713bf612a5a6baad479efcafd0d1431e3,sms,0,0,0.0664280644394995,sms,ham,ham,0,True,True,True,FLAN-T5 Base (zero-shot),google/flan-t5-base,7bcac572ce56db69c1ea7c8af255c5d7c9672fc2,spam_definition_v1,notebooks/05_zero_shot_generative.ipynb
abcc9abe75c5f778861b23ad91b67bbf21f35abdd08850e2267b0b5f1fa816ef,sms,0,0,0.07400848315657058,sms,ham,ham,0,True,True,True,FLAN-T5 Base (zero-shot),google/flan-t5-base,7bcac572ce56db69c1ea7c8af255c5d7c9672fc2,spam_definition_v1,notebooks/05_zero_shot_generative.ipynb
a40256dd7424eab4e75a8d89575fe5cd0b34f81e4cbd308f0f827dee2a72ec39,sms,0,0,0.0833593260122496,sms,ham,ham,0,True,True,True,FLAN-T5 Base (zero-shot),google/flan-t5-base,7bcac572ce56db69c1ea7c8af255c5d7c9672fc2,spam_definition_v1,notebooks/05_zero_shot_generative.ipynb
74aa479ca17fe103fc6bdebc72b829e38fe7b1b7ea98262d8254774a95127370,sms,1,0,0.07434171988070555,sms,ham,ham,0,True,False,True,FLAN-T5 Base (zero-shot),google/flan-t5-base,7bcac572ce56db69c1ea7c8af255c5d7c9672fc2,spam_definition_v1,notebooks/05_zero_shot_generative.ipynb
4a7170ad3c4f3fcaa705dfda01afe3f1d64ea349214e18859a423815e8745b1b,sms,1,0,0.33976410450118816,sms,ham,ham,0,True,False,True,FLAN-T5 Base (zero-shot),google/flan-t5-base,7bcac572ce56db69c1ea7c8af255c5d7c9672fc2,spam_definition_v1,notebooks/05_zero_shot_generative.ipynb
2057cc3ff2cdfb04e0c50d9314cf611205914453202558746284646808a488a9,sms,0,0,0.01804662386072263,sms,ham,ham,0,True,True,True,FLAN-T5 Base (zero-shot),google/flan-t5-base,7bcac572ce56db69c1ea7c8af255c5d7c9672fc2,spam_definition_v1,notebooks/05_zero_shot_generative.ipynb
1fc7ce674d91a1b9a64fca8710f8f33125bbb08f6d6115cc9f329d6afd7d9a9d,sms,0,0,0.1313147474956339,sms,ham,ham,0,True,True,True,FLAN-T5 Base (zero-shot),google/flan-t5-base,7bcac572ce56db69c1ea7c8af255c5d7c9672fc2,spam_definition_v1,notebooks/05_zero_shot_generative.ipynb
11a88262ecfb2d7b7bad1af707b0ff189ef625f3e626eb25863ac0ccb4671a04,sms,1,0,0.2254801295584877,sms,ham,ham,0,True,False,True,FLAN-T5 Base (zero-shot),google/flan-t5-base,7bcac572ce56db69c1ea7c8af255c5d7c9672fc2,spam_definition_v1,notebooks/05_zero_shot_generative.ipynb
74d68c03f70392533fd874696d543ad838bb230f84da44853d8e32650799a963,sms,0,0,0.06877948648083981,sms,ham,ham,0,True,True,True,FLAN-T5 Base (zero-shot),google/flan-t5-base,7bcac572ce56db69c1ea7c8af255c5d7c9672fc2,spam_definition_v1,notebooks/05_zero_shot_generative.ipynb
fcb853ad7656dfdc5c55828ae63ce72c6a9325a73e0bcf7c7d3cefc4dfa00108,sms,0,0,0.004658941191167493,sms,ham,ham,0,True,True,True,FLAN-T5 Base (zero-shot),google/flan-t5-base,7bcac572ce56db69c1ea7c8af255c5d7c9672fc2,spam_definition_v1,notebooks/05_zero_shot_generative.ipynb
9f85773b76ced8cddaa740a70c69cafecb2831a118037e11335726a310a1c951,sms,0,0,0.16812402914740812,sms,ham,ham,0,True,True,True,FLAN-T5 Base (zero-shot),google/flan-t5-base,7bcac572ce56db69c1ea7c8af255c5d7c9672fc2,spam_definition_v1,notebooks/05_zero_shot_generative.ipynb
c085025b5aaad64f0a9088a88cbce3e2c74ea195b579591311b9d09bf5ae4f1a,sms,1,0,0.2795780610145594,sms,ham,ham,0,True,False,True,FLAN-T5 Base (zero-shot),google/flan-t5-base,7bcac572ce56db69c1ea7c8af255c5d7c9672fc2,spam_definition_v1,notebooks/05_zero_shot_generative.ipynb
9fd460fac1179472f7881387f12b4048d3331e5eb025453235cb7b80b69112d5,sms,1,0,0.05990068085435734,sms,ham,ham,0,True,False,True,FLAN-T5 Base (zero-shot),google/flan-t5-base,7bcac572ce56db69c1ea7c8af255c5d7c9672fc2,spam_definition_v1,notebooks/05_zero_shot_generative.ipynb
9630ca1889a296eece3e2f70c9868e14667ac824afa4112b4951953b0efdb451,sms,1,0,0.29542373170808783,sms,ham,ham,0,True,False,True,FLAN-T5 Base (zero-shot),google/flan-t5-base,7bcac572ce56db69c1ea7c8af255c5d7c9672fc2,spam_definition_v1,notebooks/05_zero_shot_generative.ipynb
6f8537638f7433ede83d7b5066ccb7ae1d82cb1cd6352fd65ce7aa6ca53e5e0e,sms,0,0,0.24068406552659136,sms,ham,ham,0,True,True,True,FLAN-T5 Base (zero-shot),google/flan-t5-base,7bcac572ce56db69c1ea7c8af255c5d7c9672fc2,spam_definition_v1,notebooks/05_zero_shot_generative.ipynb
bdd1f76c5765c834b186785714665344f85070b8045c663813bc1296659fb8bd,sms,1,0,0.04913593206856488,sms,ham,ham,0,True,False,True,FLAN-T5 Base (zero-shot),google/flan-t5-base,7bcac572ce56db69c1ea7c8af255c5d7c9672fc2,spam_definition_v1,notebooks/05_zero_shot_generative.ipynb
473fe76c81f289c18e50fc88a6f6f22775a1f4ce52030186109d0576d9277dad,sms,0,0,0.03559722667742304,sms,ham,ham,0,True,True,True,FLAN-T5 Base (zero-shot),google/flan-t5-base,7bcac572ce56db69c1ea7c8af255c5d7c9672fc2,spam_definition_v1,notebooks/05_zero_shot_generative.ipynb
3de7c55fe297990e91007995e70a3271c3884f16696ba5f8ed4b280b43ea168b,sms,0,0,0.011933677101577321,sms,ham,ham,0,True,True,True,FLAN-T5 Base (zero-shot),google/flan-t5-base,7bcac572ce56db69c1ea7c8af255c5d7c9672fc2,spam_definition_v1,notebooks/05_zero_shot_generative.ipynb
ab9dcf60ce026633820959bea1a0f8a05d656c00bca5c8a622f59e89152ee753,sms,1,0,0.11802815812055345,sms,ham,ham,0,True,False,True,FLAN-T5 Base (zero-shot),google/flan-t5-base,7bcac572ce56db69c1ea7c8af255c5d7c9672fc2,spam_definition_v1,notebooks/05_zero_shot_generative.ipynb
81868d1a7afe76288668346bcefcf5e44f34dcabf2911d6916edf2de7319ce27,sms,1,0,0.3646758858837355,sms,ham,ham,0,True,False,True,FLAN-T5 Base (zero-shot),google/flan-t5-base,7bcac572ce56db69c1ea7c8af255c5d7c9672fc2,spam_definition_v1,notebooks/05_zero_shot_generative.ipynb
f1058cd12fd90a1b499eabf35c279824ba9a8cb244034878adaa7c32f82e9b00,sms,0,0,0.09127976358809922,sms,ham,ham,0,True,True,True,FLAN-T5 Base (zero-shot),google/flan-t5-base,7bcac572ce56db69c1ea7c8af255c5d7c9672fc2,spam_definition_v1,notebooks/05_zero_shot_generative.ipynb
8c0c532af2e78ee4f307b22f51822744f9d4a2c5a22e917dfe2423caa975b937,sms,0,0,0.09714271935303685,sms,ham,ham,0,True,True,True,FLAN-T5 Base (zero-shot),google/flan-t5-base,7bcac572ce56db69c1ea7c8af255c5d7c9672fc2,spam_definition_v1,notebooks/05_zero_shot_generative.ipynb
7252958264389c449509cf97dd6fb6e6a61c0eaf0109a1a367f75982305c5bd9,sms,1,0,0.36446772046668674,sms,ham,ham,0,True,False,True,FLAN-T5 Base (zero-shot),google/flan-t5-base,7bcac572ce56db69c1ea7c8af255c5d7c9672fc2,spam_definition_v1,notebooks/05_zero_shot_generative.ipynb
9dfef5b41a809d940828f77a99232333e5fc8cc2142fce5edf072d6e8b32a673,sms,1,0,0.35292918157622793,sms,ham,ham,0,True,False,True,FLAN-T5 Base (zero-shot),google/flan-t5-base,7bcac572ce56db69c1ea7c8af255c5d7c9672fc2,spam_definition_v1,notebooks/05_zero_shot_generative.ipynb
3b5afc4f1b6ba8cc974f08f1c089d8478be2d222e15d638fa568942a76b9d07b,sms,0,0,0.10323454199458933,sms,ham,ham,0,True,True,True,FLAN-T5 Base (zero-shot),google/flan-t5-base,7bcac572ce56db69c1ea7c8af255c5d7c9672fc2,spam_definition_v1,notebooks/05_zero_shot_generative.ipynb
7be583f08878481d9b9c3170b756a00cfc1b1114bcfaf7494cd1a8ffff973277,sms,1,0,0.22661902923123103,sms,ham,ham,0,True,False,True,FLAN-T5 Base (zero-shot),google/flan-t5-base,7bcac572ce56db69c1ea7c8af255c5d7c9672fc2,spam_definition_v1,notebooks/05_zero_shot_generative.ipynb
8ca10b1c459dfbc6d8a3cbd471c50a912f6b3769615082ea533e4331ad98a3dd,sms,1,0,0.15144405813269507,sms,ham,ham,0,True,False,True,FLAN-T5 Base (zero-shot),google/flan-t5-base,7bcac572ce56db69c1ea7c8af255c5d7c9672fc2,spam_definition_v1,notebooks/05_zero_shot_generative.ipynb
049ee77356aeaa94b7192f1f60c744cc42e03ca373da93dbf5c3056c8897f523,sms,1,0,0.10242424521181315,sms,ham,ham,0,True,False,True,FLAN-T5 Base (zero-shot),google/flan-t5-base,7bcac572ce56db69c1ea7c8af255c5d7c9672fc2,spam_definition_v1,notebooks/05_zero_shot_generative.ipynb
b6309ea87e6b836ea7aa0d4f5b979af3fa7527d47df04e2f418c88ca91c62713,sms,0,0,0.1889001640969678,sms,ham,ham,0,True,True,True,FLAN-T5 Base (zero-shot),google/flan-t5-base,7bcac572ce56db69c1ea7c8af255c5d7c9672fc2,spam_definition_v1,notebooks/05_zero_shot_generative.ipynb
f34a0c70ea2f716cfe8645c2e8dba98beffa2ea00b0b0822eeaef89828c285a5,sms,0,0,0.162724360370445,sms,ham,ham,0,True,True,True,FLAN-T5 Base (zero-shot),google/flan-t5-base,7bcac572ce56db69c1ea7c8af255c5d7c9672fc2,spam_definition_v1,notebooks/05_zero_shot_generative.ipynb
f191eabf4992477020cfdb8c3a2da85dc6c485ad90c2416887ab348836078282,sms,0,0,0.06373012159261762,sms,ham,ham,0,True,True,True,FLAN-T5 Base (zero-shot),google/flan-t5-base,7bcac572ce56db69c1ea7c8af255c5d7c9672fc2,spam_definition_v1,notebooks/05_zero_shot_generative.ipynb
8b92525248f619a9b1301a3e22a3e7819b872ec1ab1461c2d55f3e146bb63359,sms,1,0,0.18030382740630077,sms,ham,ham,0,True,False,True,FLAN-T5 Base (zero-shot),google/flan-t5-base,7bcac572ce56db69c1ea7c8af255c5d7c9672fc2,spam_definition_v1,notebooks/05_zero_shot_generative.ipynb
6f667778c96c770ed365763531711a72b5a890211d26463d21563f93c5bad8a1,sms,1,0,0.29259843266160945,sms,ham,ham,0,True,False,True,FLAN-T5 Base (zero-shot),google/flan-t5-base,7bcac572ce56db69c1ea7c8af255c5d7c9672fc2,spam_definition_v1,notebooks/05_zero_shot_generative.ipynb
eb5f9c58bd7169590383729ec864f22fbe185115bc9abfb3d6a4f5d1a28c9a08,sms,0,0,0.4160251522534565,sms,ham,ham,0,True,True,True,FLAN-T5 Base (zero-shot),google/flan-t5-base,7bcac572ce56db69c1ea7c8af255c5d7c9672fc2,spam_definition_v1,notebooks/05_zero_shot_generative.ipynb
7de43b3765f8181784834d4a28bce970c6838f0a759a83e56a39f3a151ad72ae,sms,0,0,0.1334808672740312,sms,ham,ham,0,True,True,True,FLAN-T5 Base (zero-shot),google/flan-t5-base,7bcac572ce56db69c1ea7c8af255c5d7c9672fc2,spam_definition_v1,notebooks/05_zero_shot_generative.ipynb
70f86009ec50a1a78e61e3ff28b7b6d6e0465801dfab12aff4f92b71d1b2ed9c,sms,0,0,0.09405593539988906,sms,total video converter,,-1,False,False,False,FLAN-T5 Base (zero-shot),google/flan-t5-base,7bcac572ce56db69c1ea7c8af255c5d7c9672fc2,spam_definition_v1,notebooks/05_zero_shot_generative.ipynb
87dd8b0a23a48400433bd507d063d8a2c394f51648f175ba69b949057e234468,sms,1,0,0.20216359282046223,sms,ham,ham,0,True,False,True,FLAN-T5 Base (zero-shot),google/flan-t5-base,7bcac572ce56db69c1ea7c8af255c5d7c9672fc2,spam_definition_v1,notebooks/05_zero_shot_generative.ipynb
168ad37f27a046a53c17dab0474af8250db9966efc1eac9dcb3e21293696e1b6,sms,1,0,0.041576354299717885,sms,ham,ham,0,True,False,True,FLAN-T5 Base (zero-shot),google/flan-t5-base,7bcac572ce56db69c1ea7c8af255c5d7c9672fc2,spam_definition_v1,notebooks/05_zero_shot_generative.ipynb
fda39644b96aefe0b1950fc1f9284515f10abca0559dfc57878521befc683e2f,sms,0,0,0.15951433494303766,sms,ham,ham,0,True,True,True,FLAN-T5 Base (zero-shot),google/flan-t5-base,7bcac572ce56db69c1ea7c8af255c5d7c9672fc2,spam_definition_v1,notebooks/05_zero_shot_generative.ipynb
f64687897b3191219b979fff93c4e739faebfaddc5d28a6faca600dc3cfd9f0e,sms,0,0,0.03498305406952103,sms,ham,ham,0,True,True,True,FLAN-T5 Base (zero-shot),google/flan-t5-base,7bcac572ce56db69c1ea7c8af255c5d7c9672fc2,spam_definition_v1,notebooks/05_zero_shot_generative.ipynb
e0391adee726705687bc4dcd7a8a0085cc5657b964d8dafb96e7c6b830e0faed,enron,1,0,0.017679684413073292,enron,ham,ham,0,True,False,True,FLAN-T5 Base (zero-shot),google/flan-t5-base,7bcac572ce56db69c1ea7c8af255c5d7c9672fc2,spam_definition_v1,notebooks/05_zero_shot_generative.ipynb
8665cffd2983379c0dbb1c6d5151c3af8739219cd8faf24df0a5e682a05d8886,enron,0,0,0.011370229503801692,enron,- -,,-1,False,False,False,FLAN-T5 Base (zero-shot),google/flan-t5-base,7bcac572ce56db69c1ea7c8af255c5d7c9672fc2,spam_definition_v1,notebooks/05_zero_shot_generative.ipynb
a1bfa6e4c4c0b78a73c1095e40dbf0787921f972e033ce9524631fc224b5c69e,enron,1,0,0.02969339835608032,enron,ham,ham,0,True,False,True,FLAN-T5 Base (zero-shot),google/flan-t5-base,7bcac572ce56db69c1ea7c8af255c5d7c9672fc2,spam_definition_v1,notebooks/05_zero_shot_generative.ipynb
68d585caabf57b84295fdfdebcfacdf2febd1621952e1a3bfce2ee5a88258548,enron,1,0,0.11059062234942606,enron,ham,ham,0,True,False,True,FLAN-T5 Base (zero-shot),google/flan-t5-base,7bcac572ce56db69c1ea7c8af255c5d7c9672fc2,spam_definition_v1,notebooks/05_zero_shot_generative.ipynb
59b925829651bb987a16688dbcc46ca08f6b86986f777f8b58322dd9e0114b82,enron,1,0,0.06584854106704631,enron,ham,ham,0,True,False,True,FLAN-T5 Base (zero-shot),google/flan-t5-base,7bcac572ce56db69c1ea7c8af255c5d7c9672fc2,spam_definition_v1,notebooks/05_zero_shot_generative.ipynb
eb22509d882fec3ed94319204b84a6e27043ffd35e0c8a0d2836123e6e66f8a8,enron,1,0,0.05968809526849591,enron,ham,ham,0,True,False,True,FLAN-T5 Base (zero-shot),google/flan-t5-base,7bcac572ce56db69c1ea7c8af255c5d7c9672fc2,spam_definition_v1,notebooks/05_zero_shot_generative.ipynb
a34668cd8853c138fe12ec385de83cda95c980724e0bb2318f4cd2d45bd8c4ab,enron,1,0,0.327133196880457,enron,ham,ham,0,True,False,True,FLAN-T5 Base (zero-shot),google/flan-t5-base,7bcac572ce56db69c1ea7c8af255c5d7c9672fc2,spam_definition_v1,notebooks/05_zero_shot_generative.ipynb
60709fc8245398a8929b12dcfa6c818cd061d0b2bd7395fcdaecb65b0a571fa5,enron,0,0,0.03235518398538488,enron,e-business,,-1,False,False,False,FLAN-T5 Base (zero-shot),google/flan-t5-base,7bcac572ce56db69c1ea7c8af255c5d7c9672fc2,spam_definition_v1,notebooks/05_zero_shot_generative.ipynb
b492cfb75c287d51858cf3435e44e8bbb75542a0af77e2a090b68e70f36bde3a,enron,1,0,0.11976985425141735,enron,ham,ham,0,True,False,True,FLAN-T5 Base (zero-shot),google/flan-t5-base,7bcac572ce56db69c1ea7c8af255c5d7c9672fc2,spam_definition_v1,notebooks/05_zero_shot_generative.ipynb
2135641a8099aa5d0ac4c5e4494ca4d881a231c0cbc76ae9e13354bfb7abdac2,enron,0,0,0.12211904563869729,enron,ham,ham,0,True,True,True,FLAN-T5 Base (zero-shot),google/flan-t5-base,7bcac572ce56db69c1ea7c8af255c5d7c9672fc2,spam_definition_v1,notebooks/05_zero_shot_generative.ipynb
9de181ed9b54a3b65a9f2e0453c7ee7d32afa45c7603c8a24bb6f73e787ac31f,enron,0,0,0.02409920399764882,enron,- -,,-1,False,False,False,FLAN-T5 Base (zero-shot),google/flan-t5-base,7bcac572ce56db69c1ea7c8af255c5d7c9672fc2,spam_definition_v1,notebooks/05_zero_shot_generative.ipynb
028f34f7672f0cbe2c2613e3576e9840b4cad9953811e866a4ed1be5dc4fd0ad,enron,0,0,0.2251114150049766,enron,-,,-1,False,False,False,FLAN-T5 Base (zero-shot),google/flan-t5-base,7bcac572ce56db69c1ea7c8af255c5d7c9672fc2,spam_definition_v1,notebooks/05_zero_shot_generative.ipynb
b3bb9f1bd962337d2ad624ea2adebd30de44e16978012e9b2926c6262ef2fa5c,enron,0,0,0.015043720802398559,enron,-,,-1,False,False,False,FLAN-T5 Base (zero-shot),google/flan-t5-base,7bcac572ce56db69c1ea7c8af255c5d7c9672fc2,spam_definition_v1,notebooks/05_zero_shot_generative.ipynb
3279f0bef315f3e9c8712f2844e549906a9ea5bef970abb76f61117a292aaf63,enron,1,0,0.08784551548957877,enron,ham,ham,0,True,False,True,FLAN-T5 Base (zero-shot),google/flan-t5-base,7bcac572ce56db69c1ea7c8af255c5d7c9672fc2,spam_definition_v1,notebooks/05_zero_shot_generative.ipynb
9540b668bd6c0e7868c3408c4fa11a449b266cfd95d86023c601f2223fb01fa8,enron,1,0,0.3862906640516385,enron,ham,ham,0,True,False,True,FLAN-T5 Base (zero-shot),google/flan-t5-base,7bcac572ce56db69c1ea7c8af255c5d7c9672fc2,spam_definition_v1,notebooks/05_zero_shot_generative.ipynb
b256bc83b53f4fbc02ca6a99292302cccc1054aa356d6f3b14b66846869b414c,enron,0,0,0.020674130000918653,enron,ham,ham,0,True,True,True,FLAN-T5 Base (zero-shot),google/flan-t5-base,7bcac572ce56db69c1ea7c8af255c5d7c9672fc2,spam_definition_v1,notebooks/05_zero_shot_generative.ipynb
324ffc70c8cf3aa2055c66b3a586b69b75afcee03a5176999af1763c6ff8423f,enron,0,0,0.10783161153606015,enron,ham,ham,0,True,True,True,FLAN-T5 Base (zero-shot),google/flan-t5-base,7bcac572ce56db69c1ea7c8af255c5d7c9672fc2,spam_definition_v1,notebooks/05_zero_shot_generative.ipynb
471445df3c5454d9be17be296c7925eead631e5f73aa1bded1e24924adf5da19,enron,1,0,0.35667479887282216,enron,ham,ham,0,True,False,True,FLAN-T5 Base (zero-shot),google/flan-t5-base,7bcac572ce56db69c1ea7c8af255c5d7c9672fc2,spam_definition_v1,notebooks/05_zero_shot_generative.ipynb
14cb2f9637cce03a29d2ac4a3204c692291f07f1defe5393babb636471988bad,enron,0,0,0.004382311414699884,enron,sun devil,,-1,False,False,False,FLAN-T5 Base (zero-shot),google/flan-t5-base,7bcac572ce56db69c1ea7c8af255c5d7c9672fc2,spam_definition_v1,notebooks/05_zero_shot_generative.ipynb
46d0499e347d8f6d48fd327c0db1d5ee569ec468406afd3fd1175e891a817f63,enron,0,0,0.07141880484759672,enron,re,,-1,False,False,False,FLAN-T5 Base (zero-shot),google/flan-t5-base,7bcac572ce56db69c1ea7c8af255c5d7c9672fc2,spam_definition_v1,notebooks/05_zero_shot_generative.ipynb
5f6a039a025f0c91c9ea87e343f4e00f8a4f076b9838d49e354b3654da632f96,enron,0,0,0.0037290634311413925,enron,enterprise,,-1,False,False,False,FLAN-T5 Base (zero-shot),google/flan-t5-base,7bcac572ce56db69c1ea7c8af255c5d7c9672fc2,spam_definition_v1,notebooks/05_zero_shot_generative.ipynb
6b1f68f355531c52d65006dd97efcd272f091fb098f16b4d40efb5911f322707,enron,1,0,0.35316931939741464,enron,ham,ham,0,True,False,True,FLAN-T5 Base (zero-shot),google/flan-t5-base,7bcac572ce56db69c1ea7c8af255c5d7c9672fc2,spam_definition_v1,notebooks/05_zero_shot_generative.ipynb
b26d12998698397038b91d7b8544998f31b6410dd10ca81631ffb17ab8b1a08d,enron,1,0,0.1247374918428488,enron,ham,ham,0,True,False,True,FLAN-T5 Base (zero-shot),google/flan-t5-base,7bcac572ce56db69c1ea7c8af255c5d7c9672fc2,spam_definition_v1,notebooks/05_zero_shot_generative.ipynb
145d59ed3bed1b360430aa5215a0c9440b1a63e61b108f707bd0ebdbdc0bde64,enron,1,0,0.03628342242501199,enron,ham,ham,0,True,False,True,FLAN-T5 Base (zero-shot),google/flan-t5-base,7bcac572ce56db69c1ea7c8af255c5d7c9672fc2,spam_definition_v1,notebooks/05_zero_shot_generative.ipynb
e90c0b6bf9dfaf2aafe0b8a51602d7b5962a9f0b4b365724724eddab562710cd,enron,0,0,0.1081917610336378,enron,subject : spam,,-1,False,False,False,FLAN-T5 Base (zero-shot),google/flan-t5-base,7bcac572ce56db69c1ea7c8af255c5d7c9672fc2,spam_definition_v1,notebooks/05_zero_shot_generative.ipynb
bb98317fe1c398ed347d7cbbcb84849c2996eb50bf7cc110ef7c80cf426022fd,enron,1,0,0.21452013100548364,enron,ham,ham,0,True,False,True,FLAN-T5 Base (zero-shot),google/flan-t5-base,7bcac572ce56db69c1ea7c8af255c5d7c9672fc2,spam_definition_v1,notebooks/05_zero_shot_generative.ipynb
36a412ffe650e80da420d01d50d576e28622f58d7273592f0176b99282f445bb,enron,0,0,0.006869942537652935,enron,-,,-1,False,False,False,FLAN-T5 Base (zero-shot),google/flan-t5-base,7bcac572ce56db69c1ea7c8af255c5d7c9672fc2,spam_definition_v1,notebooks/05_zero_shot_generative.ipynb
86c8169233fa15e5ea73e4b952eb959a5934eb1227dd394ab49bef03ebf95d53,enron,0,0,0.03290366134715845,enron,peschel,,-1,False,False,False,FLAN-T5 Base (zero-shot),google/flan-t5-base,7bcac572ce56db69c1ea7c8af255c5d7c9672fc2,spam_definition_v1,notebooks/05_zero_shot_generative.ipynb
7ae83a66573920e29456a2df4eb0818a8ec9ad1df259b6f8307c3bd51194ba3f,enron,1,0,0.04159496906596064,enron,ham,ham,0,True,False,True,FLAN-T5 Base (zero-shot),google/flan-t5-base,7bcac572ce56db69c1ea7c8af255c5d7c9672fc2,spam_definition_v1,notebooks/05_zero_shot_generative.ipynb
390cc2943cbd5bed69623ceb500486c904444b20ab29693e247decbc86ba238f,enron,1,1,0.5679806493260985,enron,spam,spam,1,True,True,True,FLAN-T5 Base (zero-shot),google/flan-t5-base,7bcac572ce56db69c1ea7c8af255c5d7c9672fc2,spam_definition_v1,notebooks/05_zero_shot_generative.ipynb
30736baef267809b166dcc3ef17a5b0624159cb69394c573a0e0e765e2d26b4c,enron,0,0,0.1327343660513558,enron,ham,ham,0,True,True,True,FLAN-T5 Base (zero-shot),google/flan-t5-base,7bcac572ce56db69c1ea7c8af255c5d7c9672fc2,spam_definition_v1,notebooks/05_zero_shot_generative.ipynb
e5d0a81391eea01fe329f09db290dcbfca75b0c4f1a7ebf0959854aba786f7d1,enron,0,0,0.33005031363685333,enron,ham,ham,0,True,True,True,FLAN-T5 Base (zero-shot),google/flan-t5-base,7bcac572ce56db69c1ea7c8af255c5d7c9672fc2,spam_definition_v1,notebooks/05_zero_shot_generative.ipynb
d1be0aef58d29d8267a0261df79511a7f1d0789b278677a394d4d9c20b86010a,enron,1,0,0.259706842184354,enron,ham,ham,0,True,False,True,FLAN-T5 Base (zero-shot),google/flan-t5-base,7bcac572ce56db69c1ea7c8af255c5d7c9672fc2,spam_definition_v1,notebooks/05_zero_shot_generative.ipynb
4753436fe952cb010d49e395a7c85a6deff9a2eef18c5f2a9a28a8a81c17f895,enron,1,0,0.2810703892838116,enron,ham,ham,0,True,False,True,FLAN-T5 Base (zero-shot),google/flan-t5-base,7bcac572ce56db69c1ea7c8af255c5d7c9672fc2,spam_definition_v1,notebooks/05_zero_shot_generative.ipynb
81d8560332673e769b565790089856aaac554c51e4324a384ce57cd7371d7086,enron,0,0,0.02125155738338775,enron,sally,,-1,False,False,False,FLAN-T5 Base (zero-shot),google/flan-t5-base,7bcac572ce56db69c1ea7c8af255c5d7c9672fc2,spam_definition_v1,notebooks/05_zero_shot_generative.ipynb
63b719ed4cee5400f92d65ae10ed4fde6a88da6cb5531fa700503b994a3a6c3b,enron,1,0,0.06974456404220103,enron,ham,ham,0,True,False,True,FLAN-T5 Base (zero-shot),google/flan-t5-base,7bcac572ce56db69c1ea7c8af255c5d7c9672fc2,spam_definition_v1,notebooks/05_zero_shot_generative.ipynb
062094fa508b65ca5e47bbc5ad0d8d9e3d665e2eb0087cfdec833a13a4378686,enron,1,0,0.18846580492625006,enron,ham,ham,0,True,False,True,FLAN-T5 Base (zero-shot),google/flan-t5-base,7bcac572ce56db69c1ea7c8af255c5d7c9672fc2,spam_definition_v1,notebooks/05_zero_shot_generative.ipynb
02cb240fba0d928b0462bd4daf038638e05040c34b89d5d32bc2efecec79a118,enron,1,0,0.007317590465385602,enron,ham,ham,0,True,False,True,FLAN-T5 Base (zero-shot),google/flan-t5-base,7bcac572ce56db69c1ea7c8af255c5d7c9672fc2,spam_definition_v1,notebooks/05_zero_shot_generative.ipynb
e062aac1d27c0f6d9d4be892c9e01590c6dea5ad233653f40e18f383787c43d6,enron,0,0,0.015056196484091778,enron,ham,ham,0,True,True,True,FLAN-T5 Base (zero-shot),google/flan-t5-base,7bcac572ce56db69c1ea7c8af255c5d7c9672fc2,spam_definition_v1,notebooks/05_zero_shot_generative.ipynb
3a5baea93a80780bc764d85d187a87144b54d0ef320f9186ea7afa4297a9fff5,enron,0,0,0.0218344777044309,enron,egm,,-1,False,False,False,FLAN-T5 Base (zero-shot),google/flan-t5-base,7bcac572ce56db69c1ea7c8af255c5d7c9672fc2,spam_definition_v1,notebooks/05_zero_shot_generative.ipynb
c31030cf2e206d67f6d459cff6056fbdce1ea9177305e8f27bf0b09264a3de2f,enron,0,0,0.06333902494974308,enron,ham,ham,0,True,True,True,FLAN-T5 Base (zero-shot),google/flan-t5-base,7bcac572ce56db69c1ea7c8af255c5d7c9672fc2,spam_definition_v1,notebooks/05_zero_shot_generative.ipynb
7076e9afc577830747d90edc93b1ad052461e89471c853a3cfbdc1595b2a136b,enron,1,0,0.1406959698814537,enron,ham,ham,0,True,False,True,FLAN-T5 Base (zero-shot),google/flan-t5-base,7bcac572ce56db69c1ea7c8af255c5d7c9672fc2,spam_definition_v1,notebooks/05_zero_shot_generative.ipynb
2e63bf5547f4d81d3e7f4d7fb024bc6c15fddf4cefa615eebdaaa486ac775818,enron,1,0,0.10599907891049816,enron,ham,ham,0,True,False,True,FLAN-T5 Base (zero-shot),google/flan-t5-base,7bcac572ce56db69c1ea7c8af255c5d7c9672fc2,spam_definition_v1,notebooks/05_zero_shot_generative.ipynb
c10d6d0e471af06c3b8c5a88df5fc2c84429e4bab9e9e91343a322d36475248a,enron,0,0,0.02200539252829685,enron,ham,ham,0,True,True,True,FLAN-T5 Base (zero-shot),google/flan-t5-base,7bcac572ce56db69c1ea7c8af255c5d7c9672fc2,spam_definition_v1,notebooks/05_zero_shot_generative.ipynb
023dc4ab8927264251248eee4c9d0455b411c20b7fafeeae6615b4f3e34c8b40,enron,0,0,0.16897028030811884,enron,ham,ham,0,True,True,True,FLAN-T5 Base (zero-shot),google/flan-t5-base,7bcac572ce56db69c1ea7c8af255c5d7c9672fc2,spam_definition_v1,notebooks/05_zero_shot_generative.ipynb
a743a7af7684b914aa6f33be67f261c36cdf46adf7364942b1e28619bd51bead,enron,0,0,0.24538421444272837,enron,-,,-1,False,False,False,FLAN-T5 Base (zero-shot),google/flan-t5-base,7bcac572ce56db69c1ea7c8af255c5d7c9672fc2,spam_definition_v1,notebooks/05_zero_shot_generative.ipynb
ae526c7ab91dad5275f18080ae30a4a76cdc4c759da4c61ab054292dbaf65058,enron,1,0,0.013663294549502124,enron,ham,ham,0,True,False,True,FLAN-T5 Base (zero-shot),google/flan-t5-base,7bcac572ce56db69c1ea7c8af255c5d7c9672fc2,spam_definition_v1,notebooks/05_zero_shot_generative.ipynb
b8651617fbefd1d74a01a0307d977a15ff653d233d6e68e16b437c91141e9cee,enron,1,0,0.31460402256154046,enron,ham,ham,0,True,False,True,FLAN-T5 Base (zero-shot),google/flan-t5-base,7bcac572ce56db69c1ea7c8af255c5d7c9672fc2,spam_definition_v1,notebooks/05_zero_shot_generative.ipynb
42e47dcae430eda76b979b6bc5600b908ddba6f0518e4150a095eae0db0d7765,enron,0,0,0.008043225270483083,enron,i think,,-1,False,False,False,FLAN-T5 Base (zero-shot),google/flan-t5-base,7bcac572ce56db69c1ea7c8af255c5d7c9672fc2,spam_definition_v1,notebooks/05_zero_shot_generative.ipynb
10cd1a758ad2b4d077f785d75ab20eea82dee02a29d7e1e5011b3a4256cfec24,enron,0,0,0.05246443444934761,enron,new,,-1,False,False,False,FLAN-T5 Base (zero-shot),google/flan-t5-base,7bcac572ce56db69c1ea7c8af255c5d7c9672fc2,spam_definition_v1,notebooks/05_zero_shot_generative.ipynb
